G_part,fully_correct,response,n
G1a,FALSE,1 ,7
G1a,FALSE,u_n+1 ,5
G1a,FALSE,u_n ,2
G1a,FALSE,(-1)^n ,1
G1a,FALSE,0 ,1
G1a,FALSE,3 ,1
G1a,FALSE,7 ,1
G1a,FALSE,8 ,1
G1a,FALSE,u ,1
G1a,FALSE,u^n ,1
G1a,FALSE,u_n-1 ,1
G1a,FALSE,u_n-7 ,1
G1a,FALSE,u_n +1 ,1
G1a,FALSE,u_n > u_n-1 ,1
G1a,FALSE,u_n+1 + 4 ,1
G1a,FALSE,u_n+a ,1
G1a,TRUE,n+1 ,10
G1a,TRUE,n ,5
G1a,TRUE,3*n ,3
G1a,TRUE,2^n ,2
G1a,TRUE,(n)^2 ,1
G1a,TRUE,2*(n) ,1
G1a,TRUE,2*n ,1
G1a,TRUE,2+n ,1
G1a,TRUE,5*n ,1
G1a,TRUE,n^2+2 ,1
G1a,TRUE,n+2 ,1
G1a,TRUE,u_1+n ,1
G1b,FALSE,1 ,12
G1b,FALSE,0 ,5
G1b,FALSE,(-1)^n ,3
G1b,FALSE,2 ,3
G1b,FALSE,4 ,2
G1b,FALSE,ln(n) ,2
G1b,FALSE,n ,2
G1b,FALSE,u_n ,2
G1b,FALSE,-(n-2)^2 ,1
G1b,FALSE,-2*n ,1
G1b,FALSE,-n ,1
G1b,FALSE,((1/10)*u_n)-(1/10) ,1
G1b,FALSE,1+1/2^n ,1
G1b,FALSE,2*u_n-1 ,1
G1b,FALSE,3 ,1
G1b,FALSE,8 ,1
G1b,FALSE,9 ,1
G1b,FALSE,f ,1
G1b,FALSE,log(n) ,1
G1b,FALSE,n/2 ,1
G1b,FALSE,n^2 ,1
G1b,FALSE,n+1 ,1
G1b,FALSE,n+2 ,1
G1b,FALSE,sin(n) ,1
G1b,FALSE,sin(n*pi/2) ,1
G1b,FALSE,u_1-n ,1
G1b,FALSE,u_n-a ,1
G1b,TRUE,-1/n ,2
G1b,TRUE,-1/(2^n) ,1
G1b,TRUE,-e^(-n) ,1
G1b,TRUE,2-(1/2)^n ,1
G1c,FALSE,1 ,13
G1c,FALSE,0 ,4
G1c,FALSE,n^2 ,4
G1c,FALSE,3 ,3
G1c,FALSE,4 ,3
G1c,FALSE,16 ,2
G1c,FALSE,5 ,2
G1c,FALSE,9 ,2
G1c,FALSE,n ,2
G1c,FALSE,u_n ,2
G1c,FALSE,-(2)^n ,1
G1c,FALSE,-2^(-n)+16-1/16 ,1
G1c,FALSE,-n^2 ,1
G1c,FALSE,-n^2+4 ,1
G1c,FALSE,(-2)^n ,1
G1c,FALSE,128/2*n ,1
G1c,FALSE,15+(-1)^n ,1
G1c,FALSE,16+1/16-1/n ,1
G1c,FALSE,2^n ,1
G1c,FALSE,4*ln(e^n) ,1
G1c,FALSE,4*n ,1
G1c,FALSE,6 ,1
G1c,FALSE,d ,1
G1c,FALSE,n^2*sin((n+1)*pi/2) ,1
G1c,FALSE,u_n*4 ,1
G1c,FALSE,u_n^2 ,1
G1c,FALSE,u_n^2+7 ,1
G1c,TRUE,16+(1/16)-(1/(2^n)) ,1
G2a,FALSE,n-1 ,11
G2a,FALSE,n-9 ,5
G2a,FALSE,1 ,3
G2a,FALSE,n-3 ,3
G2a,FALSE,n-2 ,2
G2a,FALSE,n+1 ,1
G2a,TRUE,-n ,7
G2a,TRUE,1/n ,5
G2a,TRUE,1-n ,3
G2a,TRUE,9-n ,3
G2a,TRUE,-3*n ,1
G2a,TRUE,(1/2)^n ,1
G2a,TRUE,1/n^2 ,1
G2a,TRUE,10-n ,1
G2a,TRUE,n-n^2 ,1
G2b,FALSE,1 ,3
G2b,FALSE,-1-1/2^n ,1
G2b,FALSE,-ln(n) ,1
G2b,FALSE,(n-1)^2-2 ,1
G2b,FALSE,0-1/n^2 ,1
G2b,FALSE,1-1/2^n ,1
G2b,FALSE,1-1/n ,1
G2b,FALSE,1-3/4^n ,1
G2b,FALSE,1-3^n ,1
G2b,FALSE,1-n^2 ,1
G2b,FALSE,2 ,1
G2b,FALSE,n^2 ,1
G2b,TRUE,1+1/2^n ,8
G2b,TRUE,1/n ,7
G2b,TRUE,1/2^n ,4
G2b,TRUE,1+(1/2)^n ,2
G2b,TRUE,1+(1/2^n) ,2
G2b,TRUE,-1 + 1/2^n ,1
G2b,TRUE,-1+1/(2^n) ,1
G2b,TRUE,-1+1/2^n ,1
G2b,TRUE,1/2^n-1 ,1
G2b,TRUE,1/2^n  ,1
G2b,TRUE,1/2^n+1 ,1
G2b,TRUE,1+1/n ,1
G2b,TRUE,2^(-n) ,1
G2b,TRUE,2+(1/(n+3)) ,1
G2b,TRUE,2+(1/2)^n ,1
G2b,TRUE,6/5+1/2^n ,1
G2c,FALSE,1 ,8
G2c,FALSE,-1-1/900^n ,1
G2c,FALSE,-257/16+1/2^n ,1
G2c,FALSE,(n-2)^2-2 ,1
G2c,FALSE,0 ,1
G2c,FALSE,1/16+1/2^n ,1
G2c,FALSE,1/2^n + 255/256 ,1
G2c,FALSE,1/n+15/4 ,1
G2c,FALSE,1+ln(4)-ln(n) ,1
G2c,FALSE,17/16-1/2^n ,1
G2c,FALSE,17/16+(1/2)^n ,1
G2c,FALSE,2-n^2/16 ,1
G2c,FALSE,2 ,1
G2c,FALSE,257/16+1/2^n ,1
G2c,FALSE,3/2 + 1/2^n ,1
G2c,FALSE,31/16 - 1/2^n ,1
G2c,FALSE,5 ,1
G2c,FALSE,6 ,1
G2c,FALSE,9 ,1
G2c,FALSE,n^2-15 ,1
G2c,TRUE,15/16+1/2^n ,8
G2c,TRUE,4/n ,3
G2c,TRUE,1/2^n+15/16 ,2
G2c,TRUE,1/n+3/4 ,2
G2c,TRUE,15/16+(1/2)^n ,2
G2c,TRUE,(1/n)+1-(1/4) ,1
G2c,TRUE,(7/15)*(2+(1/(n+3))) ,1
G2c,TRUE,16/2^n ,1
G2c,TRUE,2^(-n)+1-1/16 ,1
G3a,FALSE,[1] ,2
G3a,FALSE,"[-2,4,-8,16,-32,64,-128,256] ",1
G3a,FALSE,"[1,1/2,1/3,1/4,1/5,1/6,1/7,1/8] ",1
G3a,FALSE,"[1,2] ",1
G3a,FALSE,[2] ,1
G3a,FALSE,[4] ,1
G3a,TRUE,"[1,2,3,4,5,6,7,8] ",14
G3a,TRUE,"[1,4,9,16,25,36,49,64] ",3
G3a,TRUE,"[2,4,6,8,10,12,14,16] ",3
G3a,TRUE,"[1,3,5,7,9,11,13,15] ",2
G3a,TRUE,"[3,4,5,6,7,8,9,10] ",2
G3a,TRUE,"[0,2,4,6,8,10,12,14] ",1
G3a,TRUE,"[1, 2, 3, 4, 5, 6, 7, 8] ",1
G3a,TRUE,"[1, 3, 5, 7, 9, 11, 13, 15] ",1
G3a,TRUE,"[1,2,3,4,5,6,7,100] ",1
G3a,TRUE,"[1,2,3,4,5,6,7,8,9] ",1
G3a,TRUE,"[1,2,3,8,10,12,14,16] ",1
G3a,TRUE,"[1,2,4,8,16,32,64,128] ",1
G3a,TRUE,"[2,4,8,16,32,64,128,256] ",1
G3a,TRUE,"[3, 5, 7, 9, 11, 13, 15, 17] ",1
G3a,TRUE,"[3,9,27,81, 243,729, 2187,6561] ",1
G3a,TRUE,"[4,7,10,13,16,19,22,25] ",1
G3a,TRUE,"[5,10,15,25,30,35,40,45] ",1
G3a,TRUE,"[7,10,13,16,19,21,24,27] ",1
G3a,TRUE,"[9/8,5/4,11/8,3/2,13/8,7/4,15/8,2] ",1
G3b,FALSE,[1] ,2
G3b,FALSE,"[0,0] ",1
G3b,FALSE,[0] ,1
G3b,FALSE,"[1,2,3,4,5,6,7,8] ",1
G3b,FALSE,"[1,2] ",1
G3b,FALSE,[2] ,1
G3b,FALSE,[23] ,1
G3b,TRUE,"[8,7,6,5,4,3,2,1] ",9
G3b,TRUE,"[1,1,1,1,1,1,1,1] ",8
G3b,TRUE,"[-1,-2,-3,-4,-5,-6,-7,-8] ",2
G3b,TRUE,"[-2,-4,-6,-8,-10,-12,-14,-16] ",2
G3b,TRUE,"[10,9,8,7,6,5,4,3] ",2
G3b,TRUE,"[-1,-2,-3,-4,-5,-6,-7,-8-9] ",1
G3b,TRUE,"[-5,-10,-15,-20,-25,-30,-40,-45] ",1
G3b,TRUE,"[1,-1,-2,-3,-4,-5,-6,-7] ",1
G3b,TRUE,"[1,-1,-3,-5,-7,-9,-11,-13] ",1
G3b,TRUE,"[1, 0, -1, -2, -3, -4, -5, -6] ",1
G3b,TRUE,"[1,1/2,1/3,1/4,1/5,1/6,1/7,1/8] ",1
G3b,TRUE,"[1/2,1/4,1/8,1/16,1/32,1/64,1/128,1/256] ",1
G3b,TRUE,"[10, 9, 8, 7, 6, 5, 4, 3, 2] ",1
G3b,TRUE,"[10,9,8,7,6,5,4,3,2] ",1
G3b,TRUE,"[17, 15, 13, 11, 9, 7, 5, 3] ",1
G3b,TRUE,"[5, 2,-1,-4,-7,-10,-13,-16] ",1
G3b,TRUE,"[8,8,8,8,8,8,8,8] ",1
G3b,TRUE,"[9,8,7,6,5,4,3,2] ",1
G3b,TRUE,"[a-1,a-2,a-3,a-4,a-5,a-6,a-7,a-8] ",1
G3c,FALSE,[1] ,2
G3c,FALSE,"[0,1] ",1
G3c,FALSE,[0] ,1
G3c,FALSE,"[1,2] ",1
G3c,FALSE,[12] ,1
G3c,FALSE,[2] ,1
G3c,TRUE,"[1,1,1,1,1,1,1,1] ",18
G3c,TRUE,"[-1,1,-1,1,-1,1,-1,1] ",3
G3c,TRUE,"[1,-1,1,-1,1,-1,1,-1] ",3
G3c,TRUE,"[0,0,0,0,0,0,0,0] ",2
G3c,TRUE,"[1, 1, 1, 1, 1, 1, 1, 1] ",2
G3c,TRUE,"[2,-2,2,-2,2,-2,2,-2] ",2
G3c,TRUE,"[-1,1,-2,2,-3,3,-4,4] ",1
G3c,TRUE,"[-2,+2,-2,+2,-2,+2,-2,+2] ",1
G3c,TRUE,"[-2,2,-2,2,-2,2,-2,2] ",1
G3c,TRUE,"[-2,4,-8,16,-32,64,-128, 256] ",1
G3c,TRUE,"[1, -1, 1, -1, 1, -1, 1, -1] ",1
G3c,TRUE,"[1,3,1,5,6,7,8,3] ",1
G3c,TRUE,"[3,4,5,6,5,4,3,2] ",1
G3c,TRUE,"[a,a,a,a,a,a,a,a,a] ",1
G4a,FALSE,"[0.7222222222222223,1,1,1,1,1,1,1] ",1
G4a,FALSE,"[1,1,1.451171875,1,1,1,1,1] ",1
G4a,FALSE,"[6.319864908854167,4.569023980034722,1,4.131313747829861,1,6.286195543077257,3.4242451985677085,4.43434312608507] ",1
G4a,TRUE,"[-0.010101318359375,0.838383992513021,1.8080808851453993,2.5353520711263022,3.3838382297092013,4.191919114854601,5.080808003743489,6.252525329589844] ",1
G4a,TRUE,"[-3.8888905843098964,-2.5555555555555554,-1.4814809163411455,-0.18518575032552098,1,2.1481492784288196,2.7407413058810763,3.814814249674479] ",1
G4a,TRUE,"[-4.944444444444445,-4,-2.8888888888888893,-1.7777777777777777,-0.8333333333333335,0.16666666666666674,1,1.8888888888888888] ",1
G4a,TRUE,"[-4.944444444444445,-4,-3.0555555555555554,-2.0555555555555554,-1.0555555555555554,0,1,1.9444444444444444] ",1
G4a,TRUE,"[-5,-4,-3.0555555555555554,-2.1111111111111107,-1.0555555555555554,-0.16666666666666652,0.8888888888888888,2.111111111111111] ",1
G4a,TRUE,"[-5.044447157118055,-3.666666666666666,-1.4000006781684027,1,3.4000006781684027,6.555555555555555,7.577777438693577,9.08888668484158] ",1
G4a,TRUE,"[0.0123443603515625,1.6172841389973958,2.8518507215711804,4.086418999565972,5.13580322265625,6.1851857503255205,7.0493825276692705,8.222222222222221] ",1
G4a,TRUE,"[0.2133331298828125,1,1.5411122639973957,2.2288886176215277,3.212777031792535,3.8516676161024303,4.687777201334636,5.080556233723958] ",1
G4a,TRUE,"[0.8220486111111112,2.0454559326171875,3.06864251030816,4.28090074327257,4.91822984483507,6.151582505967882,7.131018744574653,7.940153333875868] ",1
G4a,TRUE,"[0.8888888888888888,2.0555555555555554,3.0555555555555554,4.166666666666667,4.944444444444445,6.055555555555555,7,8.166666666666666] ",1
G4a,TRUE,"[0.9457465277777777,2.0434027777777777,3.0045572916666665,3.988064236111111,4.952907986111111,6.095920138888889,7.115885416666667,7.946614583333333] ",1
G4a,TRUE,"[1,1.3333333333333333,2.0555555555555554,2.8333333333333335,4.333333333333333,5.611111111111111,7,8.333333333333334] ",1
G4a,TRUE,"[1,1.3333333333333333,2.1666666666666665,3,3.2777777777777777,4.111111111111111,6,7.222222222222222] ",1
G4a,TRUE,"[1,1.6299997965494792,3.2222222222222223,4.925555759006077,6.592222425672743,8.555555555555555,9.481666564941406,9.81499989827474] ",1
G4a,TRUE,"[1,1.6945732964409723,2.5875973171657987,4.72093031141493,5.415503607855903,6.655815972222222,7.697674221462673,8.962793138292101] ",1
G4a,TRUE,"[1,1.7111104329427083,2.5555572509765625,3.488888210720486,4.555555555555555,6.155554877387153,7.3111114501953125,8.599999321831596] ",1
G4a,TRUE,"[1,1.8333333333333333,2.9444444444444446,3.9444444444444446,4.833333333333333,6,6.944444444444445,7.944444444444445] ",1
G4a,TRUE,"[1,1.8433159722222223,2.933810763888889,4.026909722222222,4.938368055555555,5.815104166666667,6.88671875,7.936197916666667] ",1
G4a,TRUE,"[1,1.8888888888888888,2.7777777777777777,3.844445970323351,4.866665310329861,5.933335198296441,6.733334859212239,8.066666497124565] ",1
G4a,TRUE,"[1,1.8888888888888888,2.91111077202691,3.888888888888889,4.82222154405382,5.800001356336805,6.91111077202691,7.888888888888889] ",1
G4a,TRUE,"[1,1.8888888888888888,2.9555562337239585,3.9333326551649304,4.955556233723958,5.888888888888889,6.91111077202691,7.9777781168619795] ",1
G4a,TRUE,"[1,1.8888888888888888,3,3.8333333333333335,5,6.055555555555555,6.944444444444445,8.055555555555555] ",1
G4a,TRUE,"[1,1.8888888888888888,3.0444454616970487,4.022223578559028,5.044443766276042,6.022218492296007,7.044443766276042,8.022221883138021] ",1
G4a,TRUE,"[1,1.9166666666666667,2.9444444444444446,3.9722222222222223,4.944444444444445,5.916666666666667,7,7.861111111111111] ",1
G4a,TRUE,"[1,1.9244791666666667,3.068576388888889,3.880642361111111,4.987847222222222,6.014973958333333,6.972439236111111,7.992404513888889] ",1
G4a,TRUE,"[1,1.9382714165581598,3.07407463921441,4.753089057074653,5.641976250542535,6.629630194769965,7.765430026584202,8.358024597167969] ",1
G4a,TRUE,"[1,1.9444444444444444,2.9444444444444446,4.055555555555555,4.944444444444445,6.055555555555555,7.055555555555555,8] ",1
G4a,TRUE,"[1,1.9444444444444444,3,4.055555555555555,5.055555555555555,5.944444444444445,6.944444444444445,7.944444444444445] ",1
G4a,TRUE,"[1,1.9599999321831598,3.062221950954861,3.95111083984375,5.160000271267361,6.1200002034505205,6.7244457668728295,6.9733327229817705] ",1
G4a,TRUE,"[1,1.9627787272135417,2.9627787272135415,3.926111009385851,4.962777031792535,5.926111009385851,7.037221272786458,7.962777879503038] ",1
G4a,TRUE,"[1,1.9777781168619792,3.0444437662760415,4.199998643663195,5.133332994249132,5.844445122612847,6.777779473198785,7.755555894639757] ",1
G4a,TRUE,"[1,2,2.888888888888889,4,4.944444444444445,5.944444444444445,6.944444444444445,8.11111111111111] ",1
G4a,TRUE,"[1,2,2.9444444444444446,4.055555555555555,5.166666666666667,6,6.833333333333333,8.11111111111111] ",1
G4a,TRUE,"[1,2,3,4,5.111111111111111,6.055555555555555,7.111111111111111,7.944444444444445] ",1
G4a,TRUE,"[1,2.022221883138021,2.888888888888889,3.977778116861979,5,6.066664801703559,6.955554538302952,8.022221035427517] ",1
G4a,TRUE,"[1,2.0555555555555554,2.9444444444444446,3.9444444444444446,5.055555555555555,6.166666666666667,7,7.833333333333333] ",1
G4a,TRUE,"[1,2.0555555555555554,3.111111111111111,3.9444444444444446,4.888888888888889,5.888888888888889,6.944444444444445,8.055555555555555] ",1
G4a,TRUE,"[1,2.0555555555555554,3.2222222222222223,4.333333333333333,5.055555555555555,5.666666666666667,6.055555555555555,6.555555555555555] ",1
G4a,TRUE,"[1,2.0833333333333335,3.0277777777777777,3.9722222222222223,5.027777777777778,5.944444444444445,6.944444444444445,8] ",1
G4a,TRUE,"[1,2.0833333333333335,3.0555555555555554,3.9444444444444446,4.944444444444445,5.888888888888889,7.027777777777778,8.027777777777779] ",1
G4a,TRUE,"[1,2.105565388997396,2.86029052734375,3.941984388563368,5.033083597819011,5.859181722005208,6.9931996663411455,7.799768235948351] ",1
G4a,TRUE,"[1,2.111111111111111,3,3.9444444444444446,5.055555555555555,5.944444444444445,7,8.055555555555555] ",1
G4a,TRUE,"[1,2.111111111111111,3.0444437662760415,4.111111111111111,5,5.977775573730469,7.044442918565538,7.933333502875434] ",1
G4a,TRUE,"[1,2.111111111111111,3.08888922797309,3.977778116861979,5.08888922797309,6.0222218831380205,7.133332994249132,8.066665649414062] ",1
G4a,TRUE,"[1,2.111111111111111,3.296112060546875,4.630001491970486,5.666666666666667,6.777777777777778,7.962778727213542,9.369999355740017] ",1
G4a,TRUE,"[1,2.600001017252604,3.7999996609157987,4.911111619737413,5.888889736599392,6.733331468370226,7.444443596733941,8.155554877387154] ",1
G4a,TRUE,"[1,2.611111111111111,3.4444444444444446,5,5.666666666666667,6.611111111111111,7.277777777777778,7.888888888888889] ",1
G4a,TRUE,"[1,2.7777777777777777,3.4444444444444446,3.814814249674479,4.296296861436632,5.222222222222222,6.92592536078559,9.629629347059462] ",1
G4a,TRUE,"[1,2.7816840277777777,4.474392361111111,6.056857638888889,7.868923611111111,8.495008680555555,9.14236111111111,9.601128472222221] ",1
G4a,TRUE,"[1,3,4.333333333333333,5.444444444444445,6.333333333333333,7.666666666666667,8.444444444444444,9.5] ",1
G4a,TRUE,"[1.1666666666666667,2.1666666666666665,3.0555555555555554,3.888888888888889,4.944444444444445,6,6.888888888888889,7.666666666666667] ",1
G4b,TRUE,"[-0.38888888888888884,-1,-2.6111111111111107,-4.111111111111111,-5.833333333333333,-7.333333333333332,-7.944444444444445,-8.88888888888889] ",1
G4b,TRUE,"[-0.8888888888888888,-1.8888888888888888,-2.9444444444444446,-3.8888888888888893,-5,-6,-7.055555555555555,-8.277777777777779] ",1
G4b,TRUE,"[-1.0464155409071179,-1.936167399088542,-2.9928232828776036,-4.316182454427083,-5.065295749240452,-5.979693942599827,-6.778628879123264,-8.0267333984375] ",1
G4b,TRUE,"[-1.1111111111111112,-2,-2.916666666666666,-4,-5.083333333333333,-6.055555555555555,-7.055555555555555,-8.027777777777779] ",1
G4b,TRUE,"[-1.1333329942491321,-2.244444105360243,-2.91111077202691,-4.111111111111111,-5.08888922797309,-6.155554877387154,-7,-7.888888888888889] ",1
G4b,TRUE,"[-1.1777784559461804,-1.8444434271918402,-3,-3.9333326551649304,-5.0888926188151045,-6.06666734483507,-7.044443766276043,-7.97777811686198] ",1
G4b,TRUE,"[0.04562038845486116,-1.1026238335503473,-1.9846649169921875,-2.933978610568577,-3.9558749728732643,-5.1487274169921875,-5.952402750651042,-7.10064697265625] ",1
G4b,TRUE,"[0.06666734483506942,-0.9555562337239585,-2.0222218831380214,-3.044445461697048,-4.06666734483507,-4.91111077202691,-5.888888888888889,-7] ",1
G4b,TRUE,"[1,-0.022218492296007142,-1.1333329942491321,-2.422220865885416,-3.488889906141493,-4.6888885498046875,-6.0666656494140625,-9.577777438693577] ",1
G4b,TRUE,"[1,-0.02777777777777768,-0.8888888888888888,-1.9722222222222223,-2.8888888888888893,-4,-4.916666666666667,-6] ",1
G4b,TRUE,"[1,-0.05555555555555536,-0.9444444444444446,-2.1111111111111107,-3,-4.055555555555555,-4.888888888888889,-6.055555555555555] ",1
G4b,TRUE,"[1,-0.05555555555555536,-1.1111111111111112,-2,-2.8888888888888893,-4,-5,-6] ",1
G4b,TRUE,"[1,-0.05555555555555536,-1.166666666666667,-1.8888888888888888,-3,-4,-5,-5.888888888888889] ",1
G4b,TRUE,"[1,-0.06666734483506964,-1.0888892279730902,-2.1111111111111107,-2.866667005750868,-3.9777764214409723,-4.91111077202691,-6.155554877387154] ",1
G4b,TRUE,"[1,-0.11111111111111116,-1.073888990614149,-2.036666022406684,-3.0372221204969616,-4,-4.926111009385851,-6.073888990614149] ",1
G4b,TRUE,"[1,-0.8888888888888888,-3.5555555555555554,-7.055555555555555,-7.555555555555555,-8.222222222222221,-8.88888888888889,-9.5] ",1
G4b,TRUE,"[1,-1.3555552164713545,-2.333333333333334,-3.3555569118923607,-4.244444105360243,-4.688891940646702,-5.75555419921875,-6.911110772026909] ",1
G4b,TRUE,"[1,-1.7222222222222223,-4.111111111111111,-5.277777777777778,-6.666666666666668,-7.777777777777779,-8.833333333333334,-10.055555555555555] ",1
G4b,TRUE,"[1,-6.444444444444445,-7.629630194769966,-8.592592027452257,-9.037036471896702,-9.185184054904514,-9.370371500651041,-9.555555555555555] ",1
G4b,TRUE,"[1,0,-1,-2,-3,-4.111111111111111,-4.944444444444445,-6.055555555555555] ",1
G4b,TRUE,"[1,0.02222188313802076,-1.0888892279730902,-1.9777781168619795,-2.955554538302952,-4.15555657280816,-5.08888922797309,-5.888888888888889] ",1
G4b,TRUE,"[1,0.03168402777777768,-1.6905381944444446,-2.720703125,-4.169704861111111,-6.034288194444445,-6.906467013888889,-7.984592013888889] ",1
G4b,TRUE,"[1,0.05555555555555558,-0.9444444444444446,-2.083333333333334,-3.1388888888888893,-3.8888888888888893,-5,-6.138888888888889] ",1
G4b,TRUE,"[1,0.05555555555555558,-1.2777777777777777,-2.7777777777777777,-4.388888888888889,-5.5,-7.333333333333332,-9.333333333333334] ",1
G4b,TRUE,"[1,0.06666734483506942,-1,-2.0666673448350696,-3,-3.9333343505859375,-4.91111077202691,-6.111114501953125] ",1
G4b,TRUE,"[1,0.09613715277777768,-0.7769097222222223,-1.9644097222222223,-2.919921875,-3.82421875,-5.055338541666667,-5.948784722222222] ",1
G4b,TRUE,"[1,0.11111111111111116,-0.7777777777777777,-1.7777777777777777,-3.0555555555555554,-3.833333333333334,-5.055555555555555,-6.111111111111111] ",1
G4b,TRUE,"[1,0.11111111111111116,-0.8333333333333335,-1.9444444444444446,-3.2222222222222223,-4.277777777777778,-5,-6.166666666666668] ",1
G4b,TRUE,"[1,0.11111111111111116,-0.9555562337239585,-1.9333343505859375,-2.955554538302952,-3.8888888888888893,-4.91111077202691,-5.93333265516493] ",1
G4b,TRUE,"[1,0.11111111111111116,-1,-2,-2.9444444444444446,-4.055555555555555,-4.888888888888889,-6] ",1
G4b,TRUE,"[1,0.11111111111111116,-1.2222222222222223,-2.5,-3.166666666666666,-4.222222222222222,-5.277777777777778,-6.388888888888889] ",1
G4b,TRUE,"[1,0.16666666666666674,-1.166666666666667,-2.333333333333334,-3,-3.8888888888888893,-6.055555555555555,-6.666666666666668] ",1
G4b,TRUE,"[1,0.22222222222222232,-0.4816674126519098,-1.296112060546875,-1.6666649712456598,-2.7777777777777777,-4.518334282769097,-9.074444240993923] ",1
G4b,TRUE,"[1,0.3086412217881944,-0.08641899956597232,-1.4197523328993054,-3.098765055338541,-4.28395250108507,-5.370369805230035,-6.012347751193577] ",1
G4b,TRUE,"[1,0.32098727756076384,-0.8518507215711804,-2.1481492784288196,-2.827158610026041,-3.9382697211371527,-4.864200168185764,-6.592593722873264] ",1
G4b,TRUE,"[1,0.38888888888888884,-0.2777777777777777,-1.166666666666667,-1.6111111111111112,-2.0555555555555554,-2.4444444444444446,-2.7777777777777777] ",1
G4b,TRUE,"[1,0.42838541666666674,-0.21440972222222232,-1.0034722222222223,-1.5477430555555554,-2.2777777777777777,-2.9437934027777777,-3.6078559027777777] ",1
G4b,TRUE,"[1.6111111111111112,1,0.6111111111111112,-2.0555555555555554,-4,-6.777777777777779,-8.555555555555555,-9.833333333333334] ",1
G4b,TRUE,"[2.1666666666666665,1,0.11111111111111116,-1.0555555555555554,-1.8888888888888888,-3.166666666666666,-3.9444444444444446,-5.111111111111111] ",1
G4b,TRUE,"[5.818333095974392,4.83499993218316,3.901112026638455,2.9666680230034723,1.6883324517144098,1,0.11500040690104174,-0.9666663275824652] ",1
G4b,TRUE,"[6.055555555555555,4.888888888888889,3.9444444444444446,3.2222222222222223,2,1,0.11111111111111116,-0.8888888888888888] ",1
G4b,TRUE,"[7.777777777777778,5.888888888888889,3.8333333333333335,1,-1.2777777777777777,-3.833333333333334,-6.666666666666668,-8.5] ",1
G4b,TRUE,"[7.869791666666667,6.963324652777778,5.939019097222222,4.908420138888889,3.833767361111111,3.0477430555555554,1.8285590277777777,1] ",1
G4b,TRUE,"[8.055555555555555,6.222222222222222,4.944444444444445,3.611111111111111,1.9444444444444444,0.5,-1.166666666666667,-4.055555555555555] ",1
G4b,TRUE,"[8.185185750325521,6.111111111111111,4.444444444444445,3.4444444444444446,2.2592586941189237,1,-0.481480916341146,-1.0370364718967013] ",1
G4b,TRUE,"[8.218607584635416,5.986043294270833,4.026358710394965,1.9426337348090277,0.18139478895399308,-1.703877766927083,-3.9612375895182286,-5.920932345920139] ",1
G4b,TRUE,"[9.088889227973091,5.93333265516493,3.7111104329427085,1,-2.6000010172526036,-4.422222561306423,-7.044445461697048,-8.955554538302952] ",1
G4b,TRUE,"[9.121211581759983,8.151515536838108,6.939392937554254,5.606058756510417,4.636364407009548,3.6666666666666665,2.898990207248264,1] ",1
G4c,TRUE,"[1,1,1,1,1,1,1,1] ",6
G4c,TRUE,"[-0.03277757432725714,-0.22888946533203125,-0.03222232394748259,0.01666683620876741,-0.13111114501953125,-0.18000115288628482,-0.08166758219401027,0.11500040690104174] ",1
G4c,TRUE,"[-1.2222222222222223,1,-0.9444444444444446,1,-0.9444444444444446,1,-0.8888888888888888,1] ",1
G4c,TRUE,"[-1.872395833333333,2.9344618055555554,-1.8726128472222223,3.040798611111111,-1.979817708333333,3.084201388888889,-1.9997829861111112,3.03125] ",1
G4c,TRUE,"[-3.75555419921875,1.9333326551649306,-3.0000033908420143,2.377773708767361,-3.0888841417100696,1.9333411322699652,-1.4444444444444446,1] ",1
G4c,TRUE,"[0.02365451388888884,0.04253472222222232,0.010199652777777679,0.014105902777777679,0.07942708333333326,0.07443576388888884,0.05360243055555558,0.01627604166666674] ",1
G4c,TRUE,"[0.02922566731770826,1,-1.1178131103515625,1,-1.0633188883463545,1.0176018608940973,-1.2617679172092013,1] ",1
G4c,TRUE,"[0.7777777777777777,1,1,1,1,1,1,1] ",1
G4c,TRUE,"[0.8888888888888888,1,1,1,1,1,1,1] ",1
G4c,TRUE,"[1,-0.07388983832465268,1,-0.07444424099392366,1,0,1,-0.0366668701171875] ",1
G4c,TRUE,"[1,-0.22222222222222232,2.9444444444444446,-1.8888888888888888,5.055555555555555,-3.166666666666666,2,-2.4444444444444446] ",1
G4c,TRUE,"[1,-0.7222222222222223,1,-1,1,-1.0555555555555554,1,-1.0555555555555554] ",1
G4c,TRUE,"[1,-0.7608506944444446,1,-0.8522135416666665,1.0212673611111112,-0.9377170138888888,1.1514756944444444,-0.8118489583333335] ",1
G4c,TRUE,"[1,-0.8128390842013888,1,-1.1131303575303821,1,-0.9351738823784723,1,-1.3355560302734375] ",1
G4c,TRUE,"[1,-0.9166666666666665,1,-1.166666666666667,1,-0.9166666666666665,0.8333333333333335,-1.1388888888888888] ",1
G4c,TRUE,"[1,-1,1,-1.0888892279730902,1,-1.044443766276042,1,-1.044443766276042] ",1
G4c,TRUE,"[1,-1,1,-1.1333329942491321,1,-1.1333329942491321,1,-1.0888892279730902] ",1
G4c,TRUE,"[1,-1,1,2.7777777777777777,1,-1.629628499348958,1,1] ",1
G4c,TRUE,"[1,-1,1.0555555555555556,-0.8888888888888888,1,-0.9444444444444446,1,-0.9444444444444446] ",1
G4c,TRUE,"[1,-1.333333333333333,3.4444444444444446,-0.7222222222222223,2.611111111111111,-5.833333333333333,1.1111111111111111,1] ",1
G4c,TRUE,"[1,-2.484444512261285,2.777776930067274,-2.271109686957465,2.5999993218315973,-1.6311119927300348,1,-1.9866672092013888] ",1
G4c,TRUE,"[1,-2.6111111111111107,1,-3.333333333333334,1,-2.7777777777777777,1,-2.2222222222222223] ",1
G4c,TRUE,"[1,0,-0.9444444444444446,-2,-3.1111111111111107,-2,-1,0] ",1
G4c,TRUE,"[1,0.05555555555555558,1,-0.05555555555555536,1,-0.05555555555555536,1,0.11111111111111116] ",1
G4c,TRUE,"[1,0.9111107720269098,1,1,1,1,1,1] ",1
G4c,TRUE,"[1,1,-0.23456827799479152,1,2.5802476671006946,1,1,1] ",1
G4c,TRUE,"[1,1,1,1,1,1,1,1.0444429185655382] ",1
G4c,TRUE,"[1,1,1,6,1,1,1,1] ",1
G4c,TRUE,"[1,1.7689921061197917,0.23100789388020826,1.0744188096788194,1.9178297254774306,1,-0.24031236436631964,1] ",1
G4c,TRUE,"[1,1.9444444444444444,1,1,1,1,1,1] ",1
G4c,TRUE,"[1,1.9444444444444444,1,1.9444444444444444,1.1111111111111112,1.9444444444444444,1,2.0555555555555554] ",1
G4c,TRUE,"[1,1.9444444444444444,1,2.0277777777777777,1,1.9444444444444444,1,1.9722222222222223] ",1
G4c,TRUE,"[1,2,1,2.111111111111111,1,2.111111111111111,1,2.1666666666666665] ",1
G4c,TRUE,"[1,2.0666673448350696,1,2.111111111111111,1,2.2000003390842013,1,2.1555548773871527] ",1
G4c,TRUE,"[1,2.111111111111111,1,-0.8666670057508679,1,-0.8666670057508679,-0.20000033908420134,-0.9555545383029513] ",1
G4c,TRUE,"[1,2.518519083658854,-2.592592027452257,4.777777777777778,-4.925927056206597,6.222222222222222,-6.962963528103298,8.185184054904514] ",1
G4c,TRUE,"[1.0888875325520833,1,1,1,1,1,1,1] ",1
G4c,TRUE,"[1.6666666666666667,1,1,1,1,1,1,1] ",1
G4c,TRUE,"[1.8444434271918402,1,3.1777767605251737,-0.733332316080729,4.822223239474827,-1,3.355556911892361,1] ",1
G4c,TRUE,"[1.8888888888888888,1,1.9777764214409723,1,2,1,1.933335198296441,1] ",1
G4c,TRUE,"[2.0833333333333335,3.9444444444444446,2.0277777777777777,4.027777777777778,1.9444444444444444,3.9444444444444446,1.9722222222222223,3.9444444444444446] ",1
G4c,TRUE,"[2.7777777777777777,1,1,1,1,1,1,1] ",1
G4c,TRUE,"[2.874782986111111,1,2.814670138888889,1,2.9251302083333335,1,2.962673611111111,1] ",1
G4c,TRUE,"[3.888888888888889,1,-4.166666666666667,1,3.7777777777777777,1,-3.4444444444444446,1] ",1
G4c,TRUE,"[5.111111111111111,5.166666666666667,5.111111111111111,5.111111111111111,4.833333333333333,4.833333333333333,5.055555555555555,5] ",1
G4c,TRUE,"[6.656565348307292,4.393938700358073,5.929292466905382,3.02020263671875,7.545455084906684,2.858586629231771,5.848484463161892,4.919193691677517] ",1
NA,NA,""""" ",10
NA,NA,"""1"" ",4
NA,NA,"""n+2"" ",3
NA,NA,"""Everything"" ",2
NA,NA,"""0"" ",1
NA,NA,"""2"" ",1
NA,NA,"""2*n-1"" ",1
NA,NA,"""a_n=2*n"" ",1
NA,NA,"""difference"" ",1
NA,NA,"""different number"" ",1
NA,NA,"""donno"" ",1
NA,NA,"""erer"" ",1
NA,NA,"""exponential increase"" ",1
NA,NA,"""first term"" ",1
NA,NA,"""Has 100"" ",1
NA,NA,"""increasing one at a time"" ",1
NA,NA,"""increasing"" ",1
NA,NA,"""is is unbounded"" ",1
NA,NA,"""it's n^2"" ",1
NA,NA,"""It is actual number"" ",1
NA,NA,"""It is just whole numbers"" ",1
NA,NA,"""It is n^2 "" ",1
NA,NA,"""its not the same"" ",1
NA,NA,"""n+3"" ",1
NA,NA,"""not quadratic"" ",1
NA,NA,"""nothing"" ",1
NA,NA,"""the difference. is equal"" ",1
NA,NA,"""they are squared."" ",1
NA,NA,"""This example has multiplication rather than addition."" ",1
NA,NA,"""this is a multiplication instead of addition or subtraction."" ",1
